ABATIÁ;"AV JOÃO CARVALHO DE MELLO, 135";"(43) 3556-1011";gabinete@abatia.pr.gov.br
ABATIÁ;"AV JOÃO CARVALHO DE MELLO, 135";"(43) 3556-1011";
ADRIANÓPOLIS;"R MAL. MASCARENHAS DE MORAIS, 57";"(41) 3678-1509";cidebassete@gmail.com
ADRIANÓPOLIS;"R MAL. MASCARENHAS DE MORAIS, 57";"(41) 3678-1282";
"AGUDOS DO SUL";"AV BRASIL, 277, CENTRO";"(41) 3624-1244";gabineteagudos@onda.com.br
"AGUDOS DO SUL";"AV BRASIL, 277, CENTRO";"(41) 3624-1244";
"ALMIRANTE TAMANDARÉ";"AV EMÍLIO JONHSON, 360";"(41) 3699-8600";gabinete@tamandare.pr.gov.br
"ALMIRANTE TAMANDARÉ ";"AV EMÍLIO JONHSON, 360";"(41) 3699-8600";
"ALTAMIRA DO PARANÁ";"R CANTÚ, 180";"(42) 3655-1142";elzadk@yahoo.com.br
"ALTAMIRA DO PARANÁ";"R CANTÚ, 180";"(42) 3755-1142";
ALTÔNIA;"R RUI BARBOSA, 815, CENTRO";"(44) 3659-8181";admpma@altonia.pr.gov.br
ALTÔNIA;"R RUI BARBOSA, 815, CENTRO";"(44) 3659-8150";
"ALTO PARAÍSO";"AV PEDRO AMARO DOS SANTOS, 1546";"(44) 3664-1320";altoparaiso@pref.pr.gov.br
"ALTO PARAÍSO";"AV PEDRO AMARO DOS SANTOS, 1546";"(44) 3664-1320";
"ALTO PARANÁ";"R JOSÉ DE ANCHIETA, 1641";"(44) 3447-1122";pmaltopr@altoparana.pr.gov.br
"ALTO PARANÁ ";"R JOSÉ DE ANCHIETA, 1641";"(44) 3447-1122";
"ALTO PIQUIRI";"R SANTOS DUMONT, 341, CENTRO";"(44) 3656-8000";prefeito@altopiquiri.pr.gov.br
"ALTO PIQUIRI";"R SANTOS DUMONT, 341, CENTRO";"(44) 3656-1213";
"ALVORADA DO SUL";"PÇ PREF. ANTONIO DE SOUZA LEMOS, 32";"(43) 3661-1177";marcos.pinduca@uol.com.br
"ALVORADA DO SUL";"PÇ PREF. ANTONIO DE SOUZA LEMOS, 32";"(43) 3661-1177";
AMAPORÃ;"R SETE DE SETEMBRO, 21";"(44) 3437-8300";contabilidadeamapora@hotmail.com
AMAPORÃ;"R SETE DE SETEMBRO, 21";"(44) 3437-8300";
AMPÉRE;"R MARINGÁ, 279, CENTRO";"(46) 3547-1122";adm@ampere.pr.gov.br
"AMPÉRE ";"R MARINGÁ, 279, CENTRO";"(46) 3547-1122";
ANAHY;"R RIO DA AREIA, 591, CENTRO";"(45) 3249-1149";prefeitura_anahy@hotmail.com
ANAHY;"R RIO DA AREIA, 591";"(45) 3249-1149";
ANDIRÁ;"R MAURO CARDOSO DE OLIVEIRA, 190, JD. VESPER";"(43) 3538-8100";ionealvesabib@bol.com.br
ANDIRÁ;"R MAURO CARDOSO DE OLIVEIRA, 190, JD. VESPER";"(43) 3538-8100";
ÂNGULO;"AV VALÉRIO OSMAR ESTEVÃO, 72";"(44) 3256-1133";prefeito@angulo.pr.gov.br
ÂNGULO;"AV VALÉRIO OSMAR ESTEVÃO, 72";"(44) 3256-1133";
ANTONINA;"R XV DE NOVEMBRO, 150, CENTRO";"(41) 3978-1045";gabinete@antonina.pr.gov.br
"ANTÔNIO OLINTO";"AV REINALDO MACHIAVELLI, 202";"(42) 3533-1222";fmachiavelli@yahoo.com.br
"ANTÔNIO OLINTO";"AV REINALDO MACHIAVELLI, 202";"(42) 3533-1222";
APUCARANA;"R JOSÉ DE OLIVEIRA ROSA, 25, CENTRO CIVICO";"(43) 3422-4000";atooficiais.apucarana@gmail.com
APUCARANA;"R JOSÉ DE OLIVEIRA ROSA, 25, CENTRO CIVICO";"(43) 3422-4000";
ARAPONGAS;"R GARÇAS , 750";"(43) 3902-1000";gabinete@arapongas.pr.gov.br
ARAPONGAS;"R GARÇAS , 750";"(43) 3902-1000";
ARAPOTI;"R PLACÍDIO LEITE, 148, CENTRO CÍVICO";"(43) 3512-3000";chefia.gabinete@arapoti.pr.gov.br
ARAPUÃ;"R PRES. CAFÉ FILHO, SN";"(43) 3444-1230";prefeituradearapua@gmail.com
ARAPUÃ;"R PRES. CAFÉ FILHO, SN";"(43) 3444-1230";
ARARUNA;"PÇ NOSSA SENHORA DO ROCIO, 390";"(44) 3562-1383";compras@araruna.pr.gov.br
ARARUNA;"PÇ NOSSA SENHORA DO ROCIO, 390";"(44) 3562-1383";
ARAUCÁRIA;"R PEDRO DRUSZCZ, 111, CENTRO";"(41) 3614-1400";prefeito@araucaria.pr.gov.vr
ARAUCÁRIA;"R PEDRO DRUSZCZ, 111, CENTRO";"(41) 3614-1511";
"ARIRANHA DO IVAÍ";"R MIGUEL VERENKA, 140";"(43) 3433-1244";acattovice@hotmail.com
"ARIRANHA DO IVAÍ";"RUA MIGUEL VERENKA, 140";"(43) 3433-1013";
ASSAÍ;"AV RIO DE JANEIRO, 720 - 1° ANDAR";"(43) 3262-1313";
"ASSIS CHATEAUBRIAND";"AV CÍVICA, 99";"(44) 3528-8455";marcelmicheletto@hotmail.com
"ASSIS CHATEAUBRIAND";"AV CÍVICA, 99 - CX. POSTAL 191";"(44) 3528-8455";
ASTORGA;"AV DR. JOSÉ SOARES DE AZEVEDO, 48";"(44) 3234-8700";gabinete@astorga.pr.gov.br
ASTORGA;"AV DR. JOSÉ SOARES DE AZEVEDO, 48, CENTRO";"(44) 3234-8700";
ATALAIA;"PÇ JOSÉ BENTO DOS SANTOS, 02";"(44) 3254-1122";vilhena23@gmail.com
ATALAIA;"PÇ JOSÉ BENTO DOS SANTOS, 02";"(44) 3254-1122";
"BALSA NOVA";"AV BRASIL, 665";"(41) 3636-8000";
BANDEIRANTES;"R FREI RAFAEL PRONER, 1457, CENTRO";"(43) 3542-4525";prefeito@bandeirantes.pr.gov.br
BANDEIRANTES;"R FREI RAFAEL PRONER, 1457, CENTRO";"(43) 3542-4525";
"BARBOSA FERRAZ";"AV PRESIDENTE KENNEDY, 363, CENTRO";"(44) 3275-1177";gabinete.prefeiturabf@hotmail.com
"BARBOSA FERRAZ";"AV PRESIDENTE KENNEDY, 363, CENTRO";"(44) 3275-1177";
BARRACÃO;"R SÃO PAULO, 235";"(49) 3644-1215";marcoaurelioandona@hotmail.com
BARRACÃO;"R SÃO PAULO, 235";"(49) 3644-1215";
"BARRA DO JACARÉ";"R RUI BARBOSA, 96";"(43) 3537-1212";
"BELA VISTA DA CAROBA";"AV RIO DE JANEIRO, SN, CENTRO";"(46) 3557-1122";gabinete@belavistadacaroba.pr.gov.br
"BELA VISTA DA CAROBA";"AV RIO DE JANEIRO, SN";"(46) 3557-1180";
"BELA VISTA DO PARAÍSO";"R JOAQUIM LADEIA, 150, CENTRO";"(43) 3242-1531";gabinetepmbvp@gmail.com
"BELA VISTA DO PARAÍSO";"R JOAQUIM LADEIA, 150";"(43) 3242-1531";
BITURUNA;"AV DR. OSCAR GEYER, 489";"(42) 3553-1505";prefeitura@bituruna.pr.gov.br
BITURUNA;"AV DR. OSCAR GEYER, 489";"(42) 3553-1222";
"BOA ESPERANÇA";"AV BRASIL, 301";"(44) 3552-1222";
"BOA ESPERANÇA DO IGUAÇU";"R DEMÉTRIO PINZON, 16 - CX. POSTAL 003, CENTRO";"(46) 3537-1208";prefeitura@boaesperancadoiguacu.com.br
"BOA ESPERANÇA DO IGUAÇU";"R DEMÉTRIO PINZON, 16 - CX. POSTAL 003, CENTRO";"(46) 3537-1208";
"BOA VENTURA DE SÃO ROQUE";"R MOISÉS MIRANDA, 422";"(42) 3652-1020";admbvsr@hotmail.com
"BOA VENTURA DE SÃO ROQUE";"R MOISÉS MIRANDA, 422";"(42) 3652-1020";
"BOA VISTA DA APARECIDA";"AV CÍCERO BARBOSA SOBRINHO, 1190, CENTRO";"(45) 3287-1331";gabinetepmbva@hotmail.com
"BOA VISTA DA APARECIDA";"AV CÍCERO BARBOSA SOBRINHO, 796";"(45) 3287-1331";
"BOCAIÚVA DO SUL";"R CARLOS ALBERTO RIBEIRO, 21, CENTRO";"(41) 3675-3950";governo@bocaiuvadosul.pr.gov.br
"BOCAIÚVA DO SUL ";"R CARLOS ALBERTO RIBEIRO, 21, CENTRO";"(41) 3675-3950";
"BOM JESUS DO SUL";"AV IPIRANGA, 72, CENTRO";"(46) 3548-1150";gabinete@bomjesusdosul.pr.gov.br
"BOM JESUS DO SUL";"AV IPIRANGA, 72, CENTRO";"(46) 3548-1150";
"BOM SUCESSO";"PÇ PARANÁ, 77";"(43) 3442-1460";pmbomsucesso@pop.com.br
"BOM SUCESSO";"PÇ PARANÁ, 77";"(43) 3442-1460";
"BOM SUCESSO DO SUL";"R CÂNDIDO MERLO, 290, CENTRO";"(46) 3234-1135";pmbssul@bssul.pr.gov.br
"BOM SUCESSO DO SUL";"R CÂNDIDO MERLO, 290, CENTRO";"(46) 3234-1135";
BORRAZÓPOLIS;"PÇ DA REPÚBLICA, 28";"(43) 3452-2391";
BRAGANEY;"AV ARTHUR PEREIRA, 860, CENTRO";"(45) 3245-1235";pmbraganey@hotmail.com
BRAGANEY;"AV ARTHUR PEREIRA, 860, CENTRO";"(45) 3245-1235";
"BRASILÂNDIA DO SUL";"AV ADÃO ARCÂNGELO DALBEN, 882";"(44) 3654-1235";marcio78_saude@hotmail.com
"BRASILÂNDIA DO SUL";"AV ADÃO ARCÂNGELO DALBEN, 882";"(44) 3654-1235";
CAFEARA;"AV BRASIL, 188";"(43) 3625-1000";tesouraria.cafeara@gmail.com
CAFEARA;"AV BRASIL, 188";"(43) 3625-1000";
CAFELÂNDIA;"R VER. LUIZ PICOLLI, 299";"(45) 3241-1455";
"CAFEZAL DO SUL";"AV ITALO ORCELLI, 796, CENTRO";"(44) 3655-8000";juniokazuo@hotmail.com
"CAFEZAL DO SUL";"AV ITALO ORCELLI, 796, CENTRO";"(44) 3655-8000";
CALIFÓRNIA;"R 17 DE DEZEMBRO, 149 - CX.POSTAL 15";"(43) 3429-1242";paulowilsonmendes@outlook.com
CALIFÓRNIA;"R 17 DE DEZEMBRO, 149, CENTRO";"(43) 3429-1242";
CAMBARÁ;"AV BRASIL, 1229, CENTRO";"(43) 3532-8800";neto.haggi@hotmail.com
CAMBARÁ;"AV BRASIL, 1082, CENTRO";"(43) 3532-8800";
CAMBÉ;"RUA OTTO GAERTNER, 65, CENTRO";"(43) 3174-2600";
CAMBIRA;"AV CANADÁ, 320, CENTRO";"(43) 3436-8000";gabinete@cambira.pr.gov.br
CAMBIRA;"AV CANADÁ, 320";"(43) 3436-1224";
"CAMPINA DA LAGOA";"PÇ JOÃO XXIII, 996";"(44) 3542-2432";gabinetecampinadalagoa@hotmail.com
"CAMPINA DA LAGOA";"PÇ JOÃO XXIII, 996";"(44) 3542-1028";
"CAMPINA DO SIMÃO";"AV JOÃO FERREIRA NEVES, S/N";"(42) 3634-8000";mirolazzaretti@yahoo.com
"CAMPINA DO SIMÃO";"AV JOÃO FERREIRA NEVES, S/N";"(42) 3634-1122";
"CAMPINA GRANDE DO SUL";"PÇ BENTO MUNHOZ DA ROCHA NETO, 30";"(41) 3676-8040";
"CAMPO BONITO";"R PREF. DARCISIO ROBERTO GRASSI, 252, CENTRO";"(45) 3233-1282";antonio.dominiak@hotmail.com
"CAMPO BONITO";"R PREF. DARCISIO ROBERTO GRASSI, 252, CENTRO";"(45) 3233-1282";
"CAMPO DO TENENTE";"AV MIGUEL KOMARCHEWSKI, 900";"(41) 3628-1313";gabinete@campodotenente.pr.gov.br
"CAMPO DO TENENTE";"AV MIGUEL KOMARCHEWSKI, 900";"(41) 3628-1313";
"CAMPO LARGO";"AV PADRE NATAL PIGATO, 989";"(41) 3291-5000";assessoriamarcelopuppi@gmail.com
"CAMPO LARGO";"AV PADRE NATAL PIGATO, 989";"(41) 3291-5002";
"CAMPO MAGRO";"RODOVIA GUMERCINDO BOZA, 18600 - KM 18,5";"(41) 3677-4000";campomagrocp@hotmail.com
"CAMPO MAGRO ";"RODOVIA GUMERCINDO BOZA, 18600 - KM 18,5";"(41) 3677-4000";
"CAMPO MOURÃO";"R BRASIL, 1487, CENTRO";"(44) 3518-1144";prefeito@campomourao.pr.gov.br
"CAMPO MOURÃO";"R BRASIL, 1487, CENTRO";"(44) 3518-1144";
"CÂNDIDO DE ABREU";"AV PARANÁ, 3, CENTRO";"(43) 3476-1222";fazendajr@hotmail.com
"CÂNDIDO DE ABREU";"AV PARANÁ, 3, CENTRO";"(43) 3476-1222";
CANDÓI;"R XV DE NOVEMBRO, 1761";"(42) 3638-8000";gelsoncostaparana@hotmail.com
CANDÓI;"R XV DE NOVEMBRO, 1761";"(42) 3638-8000";
CANTAGALO;"R CINDERELA, 379";"(42) 3636-1185";jairrochadasilva@hotmail.com
"CANTAGALO ";"R CINDERELA, 379";"(42) 3636-1185";
CAPANEMA;"AV PEDRO VIRIATO PARIGOT DE SOUZA, 1080";"(46) 3552-1321";prefeito@capanema.pr.gov.br
CAPANEMA;"AV PEDRO VIRIATO PARIGOT DE SOUZA, 1080";"(46) 3552-1321";
"CAPITÃO LEÔNIDAS MARQUES";"AV TRANCREDO NEVES, 502";"(45) 3286-8400";gabineteclm@gmail.com
"CAPITÃO LEÔNIDAS MARQUES";"AV TRANCREDO NEVES, 502";"(45) 3286-8400";
CARAMBEÍ;"R DAS ÁGUAS MARINHAS, 450, CENTRO";"(42) 3915-1031";gabinete@carambei.pr.gov.br
CARAMBEÍ;"R DAS ÁGUAS MARINHAS, 450, CENTRO";"(42) 3915-1031";
CARLÓPOLIS;"RUA BENEDITO SALLES, 1060";"(43) 3566-1291";prefeito.hiroshi@carlopolis.pr.gov.br
CASCAVEL;"R PARANÁ, 5000";"(45) 3321-2315";leonaldoparanhos@cascavel.pr.gov.br
CASCAVEL;"R PARANÁ, 5000";"(45) 3321-2315";
CASTRO;"PÇ PEDRO KALED, 22";"(42) 2122-5000";cabinete@castro.pr.gov.br
CASTRO;"PÇ PEDRO KALED, 22";"(42) 3906-2000";
CATANDUVAS;"AV DOS PIONEIROS, 500";"(45) 3234-1313";gabinete@catanduvas.pr.gov.br
CATANDUVAS;"AV DOS PIONEIROS, 500";"(45) 3234-1313";
"CENTENÁRIO DO SUL";"PÇ PE. AURÉLIO BASSO, 378";"(43) 3675-8000";nicacio35@hotmail.com
"CENTENÁRIO DO SUL";"PÇ PE. AURÉLIO BASSO, 378";"(43) 3675-8000";
"CERRO AZUL ";"R BARÃO DO CERRO AZUL, 63, CENTRO";"(41) 3662-1222";pmcagabinete@hotmail.com
"CERRO AZUL";"R BARÃO DO CERRO AZUL, 63, CENTRO";"(41) 3662-1222";
"CÉU AZUL";"AV NILO UMBERTO DEITOS, 1426";"(45) 3266-1122";pmc.gab@netceu.com.br
"CÉU AZUL";"AV NILO UMBERTO DEITOS, 1426";"(45) 3266-1122";
CHOPINZINHO;"R SANTOS DUMONT, 3883";"(46) 3242-8600";prefeitura@chopinzinho.pr.gov.br
CHOPINZINHO;"R FREI EVERALDO, 3901";"(46) 3242-8600";
CIANORTE;"CENTRO CÍVICO, 100";"(44) 3619-6342";gabinete@cianorte.pr.gov.br
CIANORTE;"CENTRO CÍVICO, 100";"(44) 3619-6342";
"CIDADE GAÚCHA ";"R 25 DE JULHO, 1814";"(44) 3675-1122";gabinete@cidadegaucha.pr.gov.br
"CIDADE GAÚCHA";"R 25 DE JULHO, 1814";"(44) 3675-1122";
CLEVELÂNDIA;"PÇ GETÚLIO VARGAS, 71";"(46) 3252-8000";lisgustavo@cincoirmaos.com.br
CLEVELÂNDIA;"PÇ GETÚLIO VARGAS, 71";"(46) 3252-8000";
COLOMBO;"R XV DE NOVEMBRO, 105, CENTRO";"(41) 3656-8025";gabinete@colombo.pr.gov.br
COLOMBO;"R XV DE NOVEMBRO, 105, CENTRO";"(41) 3656-8080";
COLORADO;"AV BRASIL, 1250";"(44) 3321-1200";marcosmelloprefeito@coplorado.pr.gov.br
CONGONHINHAS;"AV DR. DAVID XAVIER DA SILVA, 266, CENTRO";"(43) 3554-1212";prefeitura@congonhinhas.pr.gov.br
CONGONHINHAS;"AV DR. DAVI XAVIER DA SILVA, 266, CENTRO";"(43) 3554-1212";
"CONSELHEIRO MAIRINCK";"PÇ OTACÍLIO FERREIRA, 82, CENTRO";"(43) 3561-1221";gabinete@conselheiromairinck.pr.gov.br
"CONSELHEIRO MAIRINCK";"PÇ OTACÍLIO FERREIRA, 82, CENTRO";"(43) 3561-1221";
CONTENDA;"AV JOÃO FRANCO, 400";"(41) 3625-1212";gabinete@contenda.pr.gov.br
CONTENDA;"AV JOÃO FRANCO, 400";"(41) 3625-1212";
CORBÉLIA;"R AMOR PERFEITO, 1616";"(45) 3242-8800";gabinete@corbelia.pr.gov.br
"CORNÉLIO PROCÓPIO";"AV MINAS GERAIS, 301";"(43) 3520-8068";gabinete@gmail.com
"CORNÉLIO PROCÓPIO";"AV MINAS GERAIS, 301";"(43) 3520-8000";
"CORONEL DOMINGOS SOARES";"AV ARAUCÁRIA, 3120";"(46) 3254-1166";prefeituracds.assessoria@gmail.com
"CORONEL DOMINGOS SOARES";"AV ARAUCÁRIA, 3120";"(46) 3254-1166";
"CORONEL VIVIDA";"PÇ ANGELO MEZZOMO, SN";"(46) 3232-8300";prefeito@coronelvivida.pr.gov.br
"CORONEL VIVIDA";"PÇ ANGELO MEZZOMO, SN";"(46) 3232-8300";
"CORUMBATAÍ DO SUL";"R TOCANTINS, 153";"(44) 3277-1153";prefeito@corumbataidosul.pr.gov.br
"CRUZEIRO DO IGUAÇU";"AV. 13 DE MAIO, 906, CENTRO";"(46) 3572-8000";dilmarturmina@hotmail.com.br
"CRUZEIRO DO IGUAÇU";"AV. 13 DE MAIO, 906, CENTRO";"(46) 3572-8000";
"CRUZEIRO DO OESTE";"R JOÃO ORMINDO DE RESENDE, 686, CENTRO";"(44) 3676-8150";betoprefeito@cruzeirodooeste.pr.gov.br
"CRUZEIRO DO OESTE";"R JOÃO ORMINDO DE RESENDE, 686, CENTRO";"(44) 3676-8150";
"CRUZEIRO DO SUL";"AV GASTÃO VIDIGAL, 600";"(44) 3465-1299";gabinete@cruzeirodosul.pr.gov.br
"CRUZEIRO DO SUL";"AV DR. GASTÃO VIDIGAL, 600";"(44) 3465-1540";
"CRUZ MACHADO";"AV VITÓRIA, 167";"(42) 3554-1222";prefeitobibi@yahoo.com.br
"CRUZ MACHADO";"AV VITÓRIA, 167";"(42) 3554-1222";
"CRUZMALTINA ";"AV PE. GUALTER FARIAS NEGRÃO, 40";"(43) 3454-1103";gabinete@cruzmaltina.pr.gov.br
CRUZMALTINA;"AV PE. GUALTER FARIAS NEGRÃO, 40";"(43) 3454-1103";
CURITIBA;"AV CÂNDIDO DE ABREU, 817 - 2º ANDAR, CENTRO CÍVICO";"(41) 3350-8484";gabvirtual@pmc.curitiba.pr.gov.br
CURITIBA;"AV CÂNDIDO DE ABREU, 817 - 2º ANDAR, CENTRO CÍVICO";"(41) 3350-8484";
CURITIBA;"RUA ÁLVARO RAMOS, 150 - EDIFÍCIO PERY MOREIRA, CENTRO CÍVICO";"(41) 3350-8642";pgm@pgm.curitiba.pr.gov.br
CURITIBA;"AVENIDA CÂNDIDO DE ABREU, 817 - 2º ANDAR - PALÁCIO 29 DE MARÇO, CENTRO CÍVICO";"(41) 3350-8515";sgm@sgm.curitiba.pr.gov.br
CURITIBA;"AVENIDA CÂNDIDO DE ABREU, 817 - 1° ANDAR - PALÁCIO 29 DE MARÇO, CENTRO CÍVICO";"(41) 3350-8484";smf@smf.curitiba.pr.gov.br
CURITIBA;"AVENIDA JOÃO GUALBERTO, 623 - EDIFÍCIO DELTA, ALTO DA GLÓRIA";"(41) 3350-8484";
"CURITIBA ";"RUA EMÍLIO DE MENEZES, 450, SÃO FRANCISCO";"(41) 3350-8484";smop@smop.curitiba.pr.gov.br
CURITIBA;"AVENIDA JOÃO GUALBERTO, 623 - EDIFÍCIO DELTA, ALTO DA GLÓRIA";"(41) 3350-8484";smu@smu.curitiba.pr.gov.br
CURITIBA;"R GENERAL CARNEIRO, 938, CENTRO";"(41) 3350-3800";
CURITIBA;"RUA FRANCISCO TORRES, 830 - ED. LAUCAS, CENTRO";"(41) 3350-8484";sms@sms.curitiba.pr.gov.br
;"AVENIDA CÂNDIDO DE ABREU, 817 - 1º ANDAR - PALÁCIO 29 DE MARÇO, CENTRO CÍVICO";"(41) 3350-8609";
CURITIBA;"AVENIDA JOÃO GUALBERTO, 623 - 9º ANDAR, ALTO DA GLÓRIA";"(41) 3350-8484";
CURITIBA;"RUA CAPITÃO SOUZA FRANCO, 13, BATEL";"(41) 3350-3608";
CURITIBA;"RUA SOLIMÕES, 160 - 1º ANDAR, ALTO SÃO FRANCISCO";"(41) 3350-9004";seplad@seplad.curitiba.pr.gov.br
CURITIBA;"RUA SOLIMÕES, 160, SÃO FRANCISCO";"(41) 3350-3732";smelj@smelj.curitiba.pr.gov.br
CURIÚVA;"AV ANTÔNIO CUNHA, 365";"(43) 3545-1222";gabinetecuriuva@pr.gov.br
CURIÚVA;"AV ANTÔNIO CUNHA, 365";"(43) 3545-1222";
"DIAMANTE DO OESTE";"R MARECHAL CASTELO BRANCO, 597";"(45) 3272-1141";gabinete@diamantedooeste.pr.gov.br
"DIAMANTE DO OESTE";"R MARECHAL CASTELO BRANCO, 597";"(45) 3272-1141";
"DIAMANTE DO NORTE";"R JOSÉ VICENTE, 257, CENTRO";"(44) 3429-1319";ddpdtept@hotmail.com
"DIAMANTE DO NORTE";"R JOSÉ VICENTE, 257, CENTRO";"(44) 3429-1319";
"DIAMANTE DO SUL";"AV GETÚLIO VARGAS, S/N";"(45) 3230-1239";nandorisso@gmail.com
"DIAMANTE DO SUL ";"AV GETÚLIO VARGAS, S/N";"(45) 3230-1239";
"DOIS VIZINHOS";"AV RIO GRANDE DO SUL, 130";"(46) 3536-8800";
"DOIS VIZINHOS";"AV RIO GRANDE DO SUL, 130";"(46) 3536-8800";
DOURADINA;"AV BRASIL, 701";"(44) 3663-1579";prefeitura@douradina.pr.gov.br
DOURADINA;"AV BRASIL, 701";"(44) 3663-1579";
"DOUTOR CAMARGO";"R XAVIER DA SILVA, 1000";"(44) 3238-1222";edilen_xavier@hotmail.com
"DOUTOR CAMARGO";"R XAVIER DA SILVA, 1000";"(44) 3238-1222";
"DOUTOR ULYSSES";"R OLÍVIO GABRIEL DE OLIVEIRA, S/N";"(41) 3664-1214";rode-branco@hotmail.com
"ENÉAS MARQUES";"AV JOAQUIM BONETTI, 579";"(46) 3544-2100";administracao@eneasmarques.pr.gov.br
"ENÉAS MARQUES";"AV JOAQUIM BONETTI, 579";"(46) 3544-2100";
"ENGENHEIRO BELTRÃO";"R MANOEL RIBAS, 160";"(44) 3537-8100";gabinete@engenheirobeltrao.pr.gov.br
"ENGENHEIRO BELTRÃO";"R MANOEL RIBAS, 160";"(44) 3537-8100";
"ENTRE RIOS DO OESTE";"R TOCANTINS, 600, CENTRO";"(45) 3257-1268";gabinete_pmrios@outlok.com
"ENTRE RIOS DO OESTE";"R TOCANTINS, 600, CENTRO";"(45) 3257-1268";
"ESPERANÇA NOVA";"AV JUVENAL SILVA BRAGA, 400";"(44) 3640-8000";valdirhidalgomartinez@hotmail.com
"ESPIGÃO ALTO DO IGUAÇU";"AV BRASÍLIA, 551";"(46) 3553-1484";gabinete@espigaoaltodoiguacu.pr.gov.br
"ESPIGÃO ALTO DO IGUAÇU";"AV BRASÍLIA, 551";"(46) 3553-1122";
FAROL;"R BAHIA, 880";"(44) 3563-1101";maristelabal@gmail.com
FAROL;"R BAHIA, 880";"(44) 3563-1178";
FAXINAL;"AV BRASIL, 694";"(43) 3461-1332";prefeitura@faxinal.pr.gov.br
FAXINAL;"AV BRASIL, 694";"(43) 3461-1332";
"FAZENDA RIO GRANDE";"R JACARANDÁ, 300, NAÇÕES";"(41) 3627-8550";gabinetefrg@gmail.com
FÊNIX;"R JANGADA, 25 - CX. POSTAL 24";"(44) 3272-8000";pmfemix@fenix.pr.gov.br
FÊNIX;"R JANGADA, 25 - CX. POSTAL 24";"(44) 3272-1272";
"FERNANDES PINHEIRO";"AV REMIS JOÃO LOSS, 600";"(42) 3459-1109";gabinete@fernadespinheiro.pr.gov.br
"FERNANDES PINHEIRO";"AV REMIS JOÃO LOSS, 600";"(42) 3459-1109";
FIGUEIRA;"R DR. ZOILO MEIRA SIMÕES, 410";"(43) 3547-1114";gabinete@figueira.pr.gov.br
FIGUEIRA;"R DR. ZOILO MEIRA SIMÕES, 410";"(43) 3547-1114";
FLORAÍ;"R PRESIDENTE GETÚLIO VARGAS, 177";"(44) 3242-1292";prefeitura@florai.pr.gov.br
FLORAÍ;"R PRESIDENTE GETÚLIO VARGAS, 177";"(44) 3242-1292";
"FLOR DA SERRA DO SUL ";"R JOÃO ARISI, 115, CENTRO";"(46) 3565-1132";planejamento@fssul.pr.gov.br
"FLOR DA SERRA DO SUL";"R JOÃO ARISI, 115, CENTRO";"(46) 3565-1132";
FLORESTA;"AV GETÚLIO VARGAS, 2420, CENTRO";"(44) 3236-1222";ademirmaciel@floresta.pr.gov.br
FLORESTA;"AV GETÚLIO VARGAS, 2420, CENTRO";"(44) 3236-1222";
FLORESTÓPOLIS;"R SANTO INÁCIO, 161";"(43) 3662-1222";nelsonjunior@florestopolis.pr.gov.br
FLORESTÓPOLIS;"R SANTO INÁCIO, 161";"(43) 3662-1222";
FLÓRIDA;"R SÃO PEDRO, 443";"(44) 3257-1212";gabinete@florida.pr.gov.br
FLÓRIDA;"R SÃO PEDRO, 443";"(44) 3257-1212";
"FORMOSA DO OESTE";"AV SEVERIANO B. DOS SANTOS, 111";"(44) 3526-1122";gabinete@formosadooeste.pr.gov.br
"FORMOSA DO OESTE";"AV SEVERIANO B. DOS SANTOS, 111";"(44) 3526-1122";
"FOZ DO IGUAÇU";"PÇ GETÚLIO VARGAS, 280, CENTRO";"(45) 2105-1000";prefeito@pmfi.pr.gov.br
"FOZ DO IGUAÇU";"PÇ GETÚLIO VARGAS, 280, CENTRO";"(45) 2105-1000";
"FOZ DO JORDÃO";"R PE. EMÍLIO BARBIÉRI, 339";"(42) 3639-8100";prefeito@fozdojordao.pr.gov.br
"FRANCISCO ALVES";"R JORGE FEREIRA, 627";"(44) 3643-8000";alirioprefeito@hotmail.com
"FRANCISCO ALVES";"R JORGE FEREIRA, 627";"(44) 3643-8000";
"FRANCISCO BELTRÃO";"R OCTAVIANO TEIXEIRA DOS SANTOS, 1000";"(46) 3520-2121";fontanacleber@bol.com.br
"GENERAL CARNEIRO";"AV PRES. GETÚLIO VARGAS, 601";"(42) 3552-1443";lg.saraiva@yahoo.com.br
"GENERAL CARNEIRO";"AV PRES. GETÚLIO VARGAS, 601";"(42) 3552-1443";
"GODOY MOREIRA";"R CAMPO MOURÃO, 184, CENTRO";"(43) 3463-1122";pm@godoymoreira.pr.gov.br
"GODOY MOREIRA";"R CAMPO MOURÃO, 184, CENTRO";"(43) 3463-1122";
GOIOERÊ;"AV AMAZONAS, 280, JD. LINDOIA";"(44) 3521-8900";pmgoioere@hotmail.com
GOIOERÊ;"AV AMAZONAS, 280, JD. LINDOIA";"(44) 3521-8900";
GOIOXIM;"R LAURINDO CORDEIRO DE SOUZA, 184, CENTRO";"(42) 3656-1002";marisilva201357@yahoo.com.br
GOIOXIM;"R LAURINDO CORDEIRO DE SOUZA, 184, CENTRO";"(42) 3656-1002";
"GRANDES RIOS ";"AV BRASIL, 967";"(43) 3474-1222";prefeito.toninhosantiago@gmail.com
"GRANDES RIOS";"AV BRASIL, 967";"(43) 3474-1222";
GUAÍRA;"AV CEL. OCTÁVIO TOSTA, 126";"(44) 3642-9900";prefeito@guaira.pr.gov.br
GUAÍRA;"AV CEL. OCTÁVIO TOSTA, 126";"(44) 3642-9900";
GUAIRAÇÁ;"R FRANCISCO VIEIRA, 1181";"(44) 3442-1413";elsongrb@gmail.com
GUAIRAÇÁ;"R FRANCISCO VIEIRA, 1181";"(44) 3442-1413";
GUAMIRANGA;"R DIOGO EMANUEL DE ALMEIDA, 234, CENTRO";"(42) 3438-1148";angelomachadonascimento@gmail.com
GUAMIRANGA;"R DIOGO EMANUEL DE ALMEIDA, 234, CENTRO";"(42) 3438-1148";
"GUAPIRAMA ";"R DOIS DE MARÇO, 460";"(43) 3573-1122";prefeitura@p-guapirama.pr.gov.br
GUAPIRAMA;"R DOIS DE MARÇO, 460";"(43) 3573-1122";
GUAPOREMA;"R PARÁ, 86";"(44) 3684-1210";marcosbarranco@gmail.com
GUAPOREMA;"R PARÁ, 86";"(44) 3684-1210";
GUARACI;"R PREF. JOÃO DE GIULI, 180";"(43) 3260-1133";prefeitura@guaraci.pr.gov.br
GUARACI;"R PREF. JOÃO DE GIULI, 180";"(43) 3260-1133";
GUARANIAÇU;"AV ABILON DE SOUZA NEVES, 394";"(45) 3232-1162";osmarioportela@guaraniacu.pr.gov.br
GUARANIAÇU;"AV ABILON DE SOUZA NEVES, 394";"(45) 3232-1162";
GUARAPUAVA;"R BRIGADEIRO ROCHA, 2777";"(42) 3621-3000";
GUARAQUEÇABA;"R MAJOR DOMINGOS DO NASCIMENTO, 46";"(41) 3482-1280";gabinete@guaraquecaba.pr.gov.br
GUARAQUEÇABA;"R MAJOR DOMINGOS DO NASCIMENTO, 46 - CX. POSTAL 31";"(41) 3482-1280";
GUARATUBA;"R DR. JOÃO CÂNDIDO, 380";"(41) 3442-8252";chefe.gabinete@guaratuba.pr.gov.br
GUARATUBA;"R DR. JOÃO CÂNDIDO, 380";"(41) 3442-8252";
"HONÓRIO SERPA";"RUA ELPÍDIO DOS SANTOS, 541";"(46) 3245-1130";eritanaas@gmail.com
"HONÓRIO SERPA";"RUA ELPÍDIO DOS SANTOS, 541";"(46) 3245-1130";
IBAITI;"PÇ TRÊS PODERES, 23";"(43) 3546-7450";antonely.prefeito@ibaiti.pr.gov.br
"IBAITI ";"PÇ TRÊS PODERES, 23";"(43) 3546-7450";
IBEMA;"AV NEY EUIRSON NAPOLI, 1426, CENTRO";"(45) 3238-1347";adelararrosi@bol.com.br
IBEMA;"AV NEY EUIRSON NAPOLI, 1426, CENTRO";"(45) 3238-1347";
IBIPORÃ;"R PE. VITORIANO VALENTE, 540";"(43) 3178-8501";joaocoloniezi@ibipora.pr.gov.br
IBIPORÃ;"R PE. VITORIANO VALENTE, 540";"(43) 3178-8501";
ICARAÍMA;"AV HERMES VISSOTO, 810";"(44) 3665-8000";planejamento@icaraima.pr.gov.br
ICARAÍMA;"AV HERMES VISSOTO, 810";"(44) 3665-8000";
IGUARAÇU;"R OTÁVIO PEDRO DA SILVA, 294";"(44) 3248-1222";nelinhorelincho@hotmail.com
IGUATU;"AV CENTENÁRIO, S/N";"(45) 3248-1090";gabinete@iguatu.pr.gov.br
IGUATU;"AV CENTENÁRIO, S/N";"(45) 3248-1090";
IMBAÚ;"AV FRANCISCO SIQUEIRA KORTZ, SN, SÃO CRISTÓVÃO";"(42) 3278-8100";gabinete@imbau.pr.gov.br
IMBAÚ;"AV FRANCISCO SIQUEIRA KORTZ, 471, SÃO CRISTÓVÃO";"(42) 3278-1138";
IMBITUVA;"R JOSÉ BUHRER JÚNIOR, 462";"(42) 3436-1233";prefeito@imbituva.pr.gov.br
IMBITUVA;"RUA JOSÉ BUHRER JÚNIOR, 462";"(42) 3436-1233";
"INÁCIO MARTINS";"R 07 DE SETEMBRO, 370";"(42) 3667-8000";prefinacio@uol.com.br
"INÁCIO MARTINS";"R 07 DE SETEMBRO, 370";"(42) 3667-1221";
"INAJÁ ";"AV ANTONIO VIEIRA MARTINS, 80";"(41) 3440-1185";isabella.mtamimori@outlook.com
INAJÁ;"AV ANTONIO VIEIRA MARTINS, 80";"(44) 3440-1221";
INDIANÓPOLIS;"PÇ CARAMURÚ, 150";"(44) 3674-1108";paulinomineiro5@gmail.com
INDIANÓPOLIS;"PÇ CARAMURÚ, 150";"(44) 3674-1108";
IPIRANGA;"R XV DE NOVEMBRO, 545, CENTRO";"(42) 3242-1111";prefeitura@ipiranga.pr.gov.br
IPIRANGA;"R XV DE NOVEMBRO, 545";"(42) 3242-1222";
IPORÃ;"R PEDRO ALVARES CABRAL, 2677";"(44) 3652-8100";gabinete@ipora.pr.gov.br
IPORÃ;"R PEDRO ALVARES CABRAL, 2677";"(44) 3652-8100";
"IRACEMA DO OESTE ";"R PROF. VIEIRA DE ALENCAR, 441";"(44) 3551-1110";donizetelemos@hotmail.com
"IRACEMA DO OESTE";"R PROF. VIEIRA DE ALENCAR, 441";"(44) 3551-1110";
IRATI;"R CEL. EMÍLIO GOMES, 22";"(42) 3907-3000";gabinete@irati.pr.gov.br
IRATI;"R CEL. EMÍLIO GOMES, 22";"(42) 3907-3000";
IRETAMA;"R OSCAR GAUER KHUNN, 174";"(44) 3573-1668";prefeitura@iretama.pr.gov.br
IRETAMA;"R OSCAR GAUER KHUNN, 174";"(44) 3573-1536";
ITAGUAJÉ;"AV GOVERNADOR MOISÉS LUPION, SN";"(44) 3332-1222";juninhoprefeitoitaguaje@hotmail.com
ITAGUAJÉ;"AV GOVERNADOR MOISÉS LUPION, SN";"(44) 3332-1222";
ITAIPULÂNDIA;"R SÃO MIGUEL DO IGUAÇU, 1891";"(45) 3559-8000";edneigasparini@hotmail.com
ITAIPULÂNDIA;"R SÃO MIGUEL DO IGUAÇU, 1891";"(45) 3559-8021";
ITAMBARACÁ;"AV INTERVENTOR MANOEL RIBAS, 6, CENTRO";"(43) 3543-1224";gabinete@itambaraca.pr.gov.br
ITAMBARACÁ;"AV INTERVENTOR MANOEL RIBAS, 6, CENTRO";"(43) 3543-1224";
ITAMBÉ;"PÇ RUI BARBOSA, 34";"(44) 3231-1222";vitaofedrigo@gmail.com
ITAMBÉ;"PÇ RUI BARBOSA, 34";"(44) 3231-1222";
"ITAPEJARA DO OESTE";"AV MANOEL RIBAS, 620, CENTRO";"(46) 3526-8300";agilberto.perin@hotmail.com
"ITAPEJARA DO OESTE";"AV MANOEL RIBAS, 620";"(46) 3526-8300";
ITAPERUÇU;"AV CRISPIN FURQUIM DE SIQUEIRA, 1800";"(41) 3603-1381";
"ITAÚNA DO SUL";"AV BRASIL, 883, CENTRO";"(44) 3436-1087";emdasilvaitauna@hotmail.com
"ITAÚNA DO SUL";"AV BRASIL, 883, CENTRO";"(44) 3436-1087";
IVAÍ;"R RUI BARBOSA, 632";"(42) 3247-1222";idirtrevio@gmail.com
IVAÍ;"R RUI BARBOSA, 632";"(42) 3247-1222";
IVAIPORÃ;"PÇ DOS TRÊS PODERES, 500";"(43) 3472-4600";carlosgil@ivaipora.pr.gov.br
IVAIPORÃ;"PÇ DOS TRÊS PODERES, 500";"(43) 3472-4600";
IVATÉ;"AV RIO DE JANEIRO, 2758";"(44) 3673-8000";gabinete@ivate.pr.gov.br
"IVATÉ ";"AV RIO DE JANEIRO, 2758";"(44) 3673-8000";
IVATUBA;"R MARECHAL FLORIANO, 797";"(44) 3273-1161";gabinete@ivatuba.pr.gov.br
IVATUBA;"R MARECHAL FLORIANO, 797";"(44) 3273-1161";
JABOTI;"PÇ MINAS GERAIS, 175";"(43) 3622-1122";gabinetedoprefeito@jaboti.pr.gov.br
JABOTI;"PÇ MINAS GERAIS, 175";"(43) 3622-1122";
JACAREZINHO;"R CEL. BATISTA, 335";"(43) 3911-3014";gabinete@jacarezinho.pr.gov.br
JACAREZINHO;"R CEL. BATISTA, 335";"(43) 3911-3000";
JAGUAPITÃ;"AV MINAS GERAIS, 220";"(43) 3272-1122";secretaria@jaguapit.pr.gov.br
JAGUARIAÍVA;"PÇ GETULIO VARGAS, 60";"(43) 3535-9400";josesloboda@gmail.com
JAGUARIAÍVA;"PÇ GETULIO VARGAS, 60";"(43) 3535-1445";
"JANDAIA DO SUL";"PÇ DO CAFÉ, 22";"(43) 3432-9250";gabinete@jandaiadosul.pr.gov.br
"JANDAIA DO SUL";"PÇ DO CAFÉ, 22";"(43) 3432-3355";
JANIÓPOLIS;"R RUI BARBOSA, 286, CENTRO";"(44) 3553-1411";gabinete@janiopolis.pr.gov.br
JAPIRA;"AV ALEXANDRE LEITE DOS SANTOS, 481, CENTRO";"(43) 3555-1401";leonildo.pmjapira@hotmail.com
JAPIRA;"AV ALEXANDRE LEITE DOS SANTOS, 481";"(43) 3555-1401";
JAPURÁ;"AV BOLIVAR, 363";"(44) 3635-1327";
"JARDIM ALEGRE";"PÇ MARIANA LEITE FELIX, 800";"(43) 3475-1256";furlan_jose@yahoo.com.br
"JARDIM ALEGRE";"PÇ MARIANA LEITE FELIX, 800";"(43) 3475-1256";
"JARDIM OLINDA";"AV SIQUEIRA CAMPOS, 83";"(44) 3311-1212";jolpadremontoia@seed.pr.gov.br
"JARDIM OLINDA";"AVENIDA SIQUEIRA CAMPOS, 83";"(44) 3311-1212";
JATAIZINHO;"AV PRESIDENTE GETÚLIO VARGAS, 494";"(43) 3259-1316";dirceuurbano25@hotmail.com
JESUÍTAS;"R PE. LEONEL FRANÇA, 369";"(44) 3535-8600";ocipe@uol.com.br
JESUÍTAS;"R PE. LEONEL FRANÇA, 369";"(44) 3535-8600";
"JOAQUIM TÁVORA ";"R TENENTE UBIRAJARA DE SOUZA,, 348";"(43) 3559-1122";gelsonnassar@hotmail.com
"JOAQUIM TÁVORA";"R MIGUEL DIAS, 226";"(43) 3559-1122";
"JUNDIAÍ DO SUL";"PRAÇA PIO X, 260, --";"(43) 3626-1490";jl.godoi@hotmail.com
"JUNDIAÍ DO SUL";"PÇ PIO X, 260 - CX. POSTAL11";"(43) 3626-1490";
JURANDA;"PÇ HENRIQUE SZAFERMANN, 139";"(44) 3569-1185";leila.amadei@hotmail.com
JURANDA;"PÇ HENRIQUE SZAFERMANN, 139";"(44) 3569-1185";
JUSSARA;"AV PRINCESA IZABEL, 320, CENTRO";"(44) 3628-1212";gabinete@jussara.pr.gov.br
JUSSARA;"AV PRINCESA IZABEL, 320, CENTRO";"(44) 3628-1212";
KALORÉ;"PÇ FRANCISCO LEMES GONÇALVES, 267";"(43) 3453-1410";
LAPA;"ALAMEDA DAVID CARNEIRO, 243, CENTRO";"(41) 3547-8000";gabinete@lapa.pr.gov.br
LAPA;"ALAMEDA DAVID CARNEIRO, 243, CENTRO";"(41) 3547-8000";
LARANJAL;"R PERNAMBUCO, 501";"(42) 3645-1149";juninho.serodio@hotmail.com
LARANJAL;"R PERNAMBUCO, 501";"(42) 3645-1149";
"LARANJEIRAS DO SUL";"PÇ RUI BARBOSA, 01, CENTRO";"(42) 3635-8100";elizagemelli@hotmail.com
"LARANJEIRAS DO SUL";"PÇ RUI BARBOSA, 01, CENTRO";"(42) 3635-8100";
LEÓPOLIS;"R PEDRO DOMINGUES DE SOUZA, 374";"(43) 3627-1361";
LIDIANÓPOLIS;"R JUSCELINO KUBITSCHEK, 327, CENTRO";"(43) 3473-1238";adauto.mandu@hotmail.com
LIDIANÓPOLIS;"R JUSCELINO KUBITSCHEK, 327, CENTRO";"(43) 3473-1238";
LINDOESTE;"AV MAL. CÂNDIDO RONDON, SN, CENTRO";"(45) 3237-1250";joverpedro@hotmail.com
LINDOESTE;"AV MAL. CÂNDIDO RONDON, SN";"(45) 3237-1250";
LOANDA;"R MATO GROSSO, 354";"(44) 3425-8400";jsantos36@hotmail.com
LOANDA;"R MATO GROSSO, 354";"(44) 3425-8400";
LOBATO;"R ANTONIO COLETO, 1260";"(44) 3249-1414";tania.mcosta@hotmail.com
"LOBATO ";"R ANTONIO COLETO, 1260";"(44) 3249-1414";
LONDRINA;"AV DUQUE DE CAXIAS, 635, JD. MAZEI II";"(43) 3372-4000";marcelobelinatimartins@gmail.com
LONDRINA;"AV DUQUE DE CAXIAS, 635, JD. PETRÓPOLIS";"(43) 3372-4000";
LUIZIANA;"R DR. MIGUEL VIEIRA FERREIRA, SN";"(44) 3571-1285";prefeito@luiziana.pr.gov.br
LUIZIANA;"R DR. MIGUEL VIEIRA FERREIRA, SN";"(44) 3571-1285";
LUNARDELLI;"AV DUQUE DA CAXIAS, 430";"(43) 3478-1145";reinaldogrola@gmail.com
LUNARDELLI;"AV DUQUE DE CAXIAS, 430, CENTRO";"(43) 3478-1145";
LUPIONÓPOLIS;"PÇ PE. ANTONIO POZZATO, 880";"(43) 3660-1212";julianotiberio@gmail.com
MALLET;"R MAJOR ESTEVÃO, 180";"(42) 3542-1204";moaszinvelski@hotmail.com
MALLET;"R MAJOR ESTEVÃO, 180";"(42) 3542-1204";
MAMBORÊ;"R GUADALAJARA, 645 - CX. POSTAL 01";"(44) 3568-8000";ricardoprefeito@hotmail.com
MAMBORÊ;"R GUADALAJARA, 645";"(44) 3568-1272";
MANDAGUAÇU;"R BERNARDINO BOGO, 175";"(44) 3245-8400";indiogeomensor@hotmail.com
MANDAGUAÇU;"R BERNARDINO BOGO, 175";"(44) 3245-8400";
MANDAGUARI;"AV AMAZONAS, 500, CENTRO";"(44) 3233-8400";gabinete@mandaguari.pr.gov.br
MANDAGUARI;"AV AMAZONAS, 500, CENTRO";"(44) 3233-8400";
"MANDIRITUBA ";"PÇ BOM JESUS, 44";"(41) 3626-1122";nuele@gruponueli.com.br
MANDIRITUBA;"PÇ BOM JESUS, 44, CENTRO";"(41) 3626-1122";
MANFRINÓPOLIS;"R ENCANTILADO, 11, CENTRO";"(46) 3562-1086";mercadoalievi@gmail.com
MANFRINÓPOLIS;"R ENCANTILADO, 11, CENTRO";"(46) 3562-1001";
MANGUEIRINHA;"PÇ FRANCISCO DE ASSIS REIS, 1060";"(46) 3243-8000";elidiomaraes@hotmail.com
MANGUEIRINHA;"PÇ FRANCISCO DE ASSIS REIS, 1060";"(46) 3243-8000";
"MANOEL RIBAS";"AV SETE DE SETEMBRO, 366";"(43) 3435-1223";camilo.beth@uol.com.br
"MANOEL RIBAS";"AV SETE DE SETEMBRO, 366, CENTRO";"(43) 3435-1223";
"MARECHAL CÂNDIDO RONDON";"R ESPIRITO SANTO, 777";"(45) 3284-8828";
"MARIA HELENA";"PÇ BRASIL, 2001";"(44) 3662-1031";elias.baraujo@hotmail.com
"MARIA HELENA";"PÇ BRASIL, 2001";"(44) 3662-1030";
MARIALVA;"R SANTA EFIGÊNIA, 680";"(44) 3232-8383";vcmartini@hotmail.com
MARIALVA;"R SANTA EFIGÊNIA, 680";"(44) 3232-8383";
"MARILÂNDIA DO SUL";"R SILVIO BELIGNI, 200";"(43) 3428-1122";aquiles_takeda@hotmail.com
"MARILÂNDIA DO SUL";"R SILVIO BELIGNI, 200";"(43) 3428-1122";
MARILENA;"R DANTE PASQUALETTO, 855";"(44) 3448-1314";zedopeixe11@hotmail.com
"MARILENA ";"R DANTE PASQUALETTO, 855";"(44) 3448-1314";
MARILUZ;"AV MARILIA, 1920";"(44) 3534-8000";nilsoncardoso43@hotmail.com
MARILUZ;"AV MARILIA, 1920";"(44) 3534-1120";
MARINGÁ;"AV XV DE NOVEMBRO, 701";"(44) 3221-1234";ulisses@ulissesmaia.com.br
MARINGÁ;"AV XV DE NOVEMBRO, 701";"(44) 3221-1234";
MARIÓPOLIS;"R SEIS, 1030";"(46) 3226-8100";raquelgehlengus@gmail.com
MARIÓPOLIS;"R SEIS, 1030";"(46) 3226-8100";
MARIPÁ;"R LUIZ DE CAMÕES, 437";"(44) 3687-1262";governo@maripa.pr.gov.br
MARMELEIRO;"AV MACALI, 255, CENTRO";"(46) 3525-8100";jaimirgomes@hotmail.com
MARMELEIRO;"AV MACALI, 255, CENTRO";"(46) 3525-8100";
MARQUINHO;"R SETE DE SETEMBRO, S/N";"(42) 3648-1102";pmmarquinho@yahoo.com.br
MARQUINHO;"R SETE SETEMBRO, S/N";"(42) 3648-1106";
MARUMBI;"R VEREADOR JOÃO FUZETTI, 800";"(43) 3441-1212";a.rejani@hotmail.com
MARUMBI;"R VEREADOR JOÃO FUZETTI, 800";"(43) 3441-1212";
MATELÂNDIA;"AV DUQUE DE CAXIAS, 800";"(45) 3262-8383";ouvidoria@matelandia.pr.gov.br
MATELÂNDIA;"AV DUQUE DE CAXIAS, 800";"(45) 3262-8350";
"MATINHOS ";"R PASTOR ELIAS ABRAHÃO, 22, CENTRO";"(41) 3971-6000";ruyhr@hotmail.com
MATINHOS;"R PASTOR ELIAS ABRAHÃO, 22, CENTRO";"(41) 3971-6006";
"MATO RICO";"AV DAS ARAUCÁRIAS, 001";"(42) 3633-1160";matoricopr@gmail.com
"MATO RICO";"AV DAS ARAUCÁRIAS, S/N";"(42) 3633-1100";
"MAUÁ DA SERRA";"AV PONTA GROSSA, 480";"(43) 3464-1265";autopostomauadaserra@hotmail.com
"MAUÁ DA SERRA";"AV PONTA GROSSA, 480";"(43) 3464-1265";
MEDIANEIRA;"R ARGENTINA, 1546, CENTRO";"(45) 3264-8600";gabinete@medianeira.pr.gov.br
MEDIANEIRA;"R ARGENTINA, 1546, CENTRO";"(45) 3264-8600";
MERCEDES;"R DR. OSVALDO CRUZ, 555";"(45) 3256-8000";
MIRADOR;"AV GUAÍRA, 133";"(44) 3434-8000";mirador@mirador.pr.gov.br
MIRADOR;"AV GUAIRA, 133";"(44) 3434-8000";
MIRASELVA;"R SÃO PAULO, 10";"(43) 3273-1177";silviareginajuliane@hotmail.com
MIRASELVA;"R SÃO PAULO, 10";"(43) 3273-1177";
MISSAL;"R NOSSA SENHORA DA CONCEIÇÃO, 555, CENTRO";"(45) 3244-8000";nadiamissal@hotmail.com
MISSAL;"R NOSSA SENHORA DA CONCEIÇÃO, 555, CENTRO";"(45) 3244-8000";
"MOREIRA SALES";"R OTTO MACEDO, 629";"(44) 3532-8100";rafael.informativo@gmail.com
"MOREIRA SALES ";"R OTTO MACEDO, 629";"(44) 3532-8100";
MORRETES;"R CONSELHEIRO SINIMBU, 62";"(41) 3462-1266";maraja2016@outlook.com
MORRETES;"R CONSELHEIRO SINIMBU, 62";"(41) 3462-1266";
"MUNHOZ DE MELLO";"AV PRESIDENTE GETÚLIO VARGAS, 631";"(44) 3258-1122";secretaria@minhozdemello.pr.gov.br
"MUNHOZ DE MELLO";"AV PRES. GETÚLIO VARGAS, 631";"(44) 3258-1122";
"NOSSA SENHORA DAS GRAÇAS";"PÇ DEP. NILSON BATISTA RIBAS, 131, CENTRO";"(44) 3312-1150";franciscomaratta@hotmail.com
"NOSSA SENHORA DAS GRAÇAS";"PÇ DEP. NILSON BATISTA RIBAS, 131, CENTRO";"(44) 3312-1150";
"NOVA ALIANÇA DO IVAÍ";"AV FRANCISCO PIRES LEMOS, 410";"(44) 3433-1112";gabinetepmnai@gmail.com
"NOVA AMÉRICA DA COLINA";"AV PARANÁ, 42";"(43) 3553-1633";
"NOVA AMÉRICA DA COLINA";"AV PARANÁ, 42";"(43) 3553-1633";
"NOVA AURORA";"R SÃO JOÃO, 354";"(45) 3243-1122";pedroleandroneto@hotmail.com
"NOVA AURORA";"R SÃO JOÃO, 354";"(45) 3243-1122";
"NOVA CANTÚ";"R BAHIA, 85";"(44) 3527-1363";laison_nc@hotmail.com
"NOVA CANTÚ";"R BAHIA, 85";"(44) 3527-1281";
"NOVA ESPERANÇA";"AV ROCHA POMBO, 1453, CENTRO";"(44) 3252-4545";contato@marmorariarazente.com.br
"NOVA ESPERANÇA";"AV ROCHA POMBO, 1453, CENTRO";"(44) 3252-4545";
"NOVA ESPERANÇA DO SUDOESTE";"AV IGUAÇU, 750, CENTRO";"(46) 3546-1144";prefeituranes@gmail.com
"NOVA ESPERANÇA DO SUDOESTE";"AV IGUAÇU, 750";"(46) 3546-1144";
"NOVA FÁTIMA";"R DR. ALOYSIO DE BARROS TOSTES, 420, CENTRO";"(43) 3552-1122";contatonovafatima@gmail.com
"NOVA FÁTIMA";"R DR. ALOYSIO DE BARROS TOSTES, 420, CENTRO";"(43) 3552-1122";
"NOVA LARANJEIRAS";"R RIO GRANDE DO SUL, 2122";"(42) 3637-1148";prefeineu@gmail.com
"NOVA LARANJEIRAS";"R RIO GRANDE DO SUL, 2122";"(42) 3637-1148";
"NOVA LONDRINA";"PÇ DA MATRIZ, 261";"(44) 3432-8500";nadianemenezes@hotmail.com
"NOVA LONDRINA";"PÇ DA MATRIZ, 261";"(44) 3432-8500";
"NOVA OLÍMPIA";"R PARANÁ, 668";"(44) 3685-1313";
"NOVA PRATA DO IGUAÇU";"R VER. VALMOR GOMES, 11/59";"(46) 3345-8000";adroaldosassa@npi.pr.gov.br
"NOVA PRATA DO IGUAÇU";"R VER. VALMOR GOMES, 11/59";"(46) 3545-8000";
"NOVA SANTA BÁRBARA";"R WALFREDO BITTENCOURT DE MORAES, 222";"(43) 3266-8100";kondoeric@hotmail.com
"NOVA SANTA BÁRBARA";"R WALFREDO BITTENCOURT DE MORAES, 222";"(43) 3266-8100";
"NOVA SANTA ROSA";"R TUCUNDUVA, 833";"(45) 3253-1144";ivonerodepinz@hotmail.com
"NOVA SANTA ROSA";"R TUCUNDUVA, 833";"(45) 3253-1144";
"NOVA TEBAS";"R BELO HORIZONTE, 695";"(42) 3643-1109";cfernandes649@gmail.com
"NOVA TEBAS ";"R BELO HORIZONTE, 695";"(42) 3643-1109";
"NOVO ITACOLOMI";"AV 28 DE SETEMBRO, 711";"(43) 3437-1116";gabinetepmni@yahoo.com.br
"NOVO ITACOLOMI";"AV 28 DE SETEMBRO, 711";"(43) 3437-1116";
ORTIGUEIRA;"R SÃO PAULO, 80";"(42) 3277-1135";governo@ortigueira.pr.gov.br
ORTIGUEIRA;"R SÃO PAULO, 80";"(42) 3277-1135";
OURIZONA;"R BELA VISTA, 1014";"(44) 3278-1592";manoelrodrigoamado@hotmail.com
OURIZONA;"R BELA VISTA, 1014";"(44) 3278-1592";
"OURO VERDE DO OESTE";"R CURITIBA, 657";"(45) 3251-8000";gabinete@ouroverdedooeste.pr.gov.br
PAIÇANDU;"R SETE DE SETEMBRO, 499";"(44) 3244-0400";gabinete@paicandu.pr.gov.br
PAIÇANDU;"R SETE DE SETEMBRO, 499";"(44) 3244-0400";
PALMAS;"AV CLEVELÂNDIA, 521, CENTRO";"(46) 3263-7000";clinicakosmos@yahoo.com.br
PALMAS;"AV CLEVELÂNDIA, 521, CENTRO";"(46) 3263-7000";
PALMEIRA;"PÇ MARECHAL FLORIANO PEIXOTO , 11 - CX.POSTAL 32, --";"(42) 3909-5000";edir@palmeira.pr.gov.br
PALMEIRA;"PÇ MAL. FLORIANO PEIXOTO, 11";"(42) 3909-5000";
PALMITAL;"R MOISÉS LUPION, 1001";"(42) 3657-1222";prefeito_palmital@outlook.com
PALMITAL;"R MOISÉS LUPION, 1001";"(42) 3657-1222";
"PALOTINA ";"R ALDIR PEDRON, 898";"(44) 3649-7800";prefeito@palotina.pr.gov.br
PALOTINA;"R ALDIR PEDRON, 898";"(44) 3649-7800";
"PARAÍSO DO NORTE";"AV TAPEJARA, 88, CENTRO";"(44) 3431-8000";companheirolaercio@hotmail.com
"PARAÍSO DO NORTE";"AV TAPEJARA, 88, CENTRO";"(44) 3431-1132";
PARANACITY;"R PEDRO PAULO VENÉRIO, 1022";"(44) 3463-1287";administracao@paranacity.pr.gov.br
PARANACITY;"R PEDRO PAULO VENÉRIO, 1022";"(44) 3463-1287";
PARANAGUÁ;"R JÚLIA DA COSTA, 322 - PALÁCIO SÃO JOSÉ";"(41) 3420-6116";gabinete@paranagua.pr.gov.br
PARANAGUÁ;"R JÚLIA DA COSTA, 322 - PALÁCIO SÃO JOSÉ";"(41) 3420-6116";
"PARANAPOEMA ";"R DR. JOSÉ CÂNDIDO MURICY, 216 - CAIXA POSTAL 41";"(44) 3342-1133";lauridesnavarro@hotmail.com
PARANAPOEMA;"R DR. JOSÉ CÂNDIDO MURICY, 216";"(44) 3342-1133";
PARANAVAÍ;"RUA GETÚLIO VARGAS, 900, CENTRO";"(44) 3421-2323";agenda.gabineteparanavai@gmail.com
PARANAVAÍ;"RUA GETÚLIO VARGAS, 900, CENTRO";"(44) 3421-2323";
"PATO BRAGADO";"R WILLY BARTH, 2885";"(45) 3282-1355";gabinete@patobragado.pr.gov.br
"PATO BRAGADO";"R WILLY BARTH, 2885";"(45) 3282-1355";
"PATO BRANCO";"R CARAMURÚ, 271, CENTRO";"(46) 3220-1544";chefiagabinete2@patobranco.pr.gov.br
"PAULA FREITAS";"AV AGOSTINHO DE SOUZA, 646, CENTRO";"(42) 3562-1212";prefeiturapaulafreitas@yahoo.com.br
"PAULA FREITAS";"AV AGOSTINHO DE SOUZA, 646, CENTRO";"(42) 3562-1212";
"PAULO FRONTIN";"R RUI BARBOSA, 204, CENTRO";"(42) 3543-1210";sebastiaoesn@bol.com.br
"PAULO FRONTIN";"R RUI BARBOSA, 204, CENTRO";"(42) 3543-1210";
PEABIRU;"PÇ ELEUTÉRIO G. DE ANDRADE, 21";"(44) 3531-2121";gabinete@peabiru.pr.gov.br
PEABIRU;"PÇ ELEUTÉRIO GALDINO DE ANDRADE, 21";"(44) 3531-2121";
PEROBAL;"PÇ CURITIBA, 1031";"(44) 3625-8300";almeidaperobal@hotmail.com
PÉROLA;"AVENIDA DONA PÉROLA BYINGTON, 1800, CENTRO";"(44) 3636-8300";gabinete@perola.pr.gov.br
PÉROLA;"AVENIDA DONA PÉROLA BYINGTON, 1800, CENTRO";"(44) 3636-8300";
"PÉROLA DO OESTE";"R PRESIDENTE COSTA E SILVA, 290";"(46) 3556-1223";nilsonengels@hotmail.com
"PÉROLA DO OESTE";"R PRESIDENTE COSTA E SILVA, 290";"(46) 3556-1223";
PIÊN;"PRAÇA DO EXPEDICIONÁRIO, 104, CENTRO";"(41) 3632-1136";gabinete@pien.pr.gov.br
PINHAIS;"R WANDA DOS SANTOS MALLMANN, 536";"(41) 3912-5290";gabprefeito@pinhais.pr.gov.br
PINHAIS;"RUA WANDA DOS SANTOS MALLMANN, 536, CENTRO";"(41) 3912-5290";
PINHALÃO;"R DOMINGOS CALIXTO, 483, CENTRO";"(43) 3569-1179";
"PINHAL DE SÃO BENTO";"AV SÃO ROQUE, 178";"(46) 3560-1122";jaimeernestocarniel@hotmail.com
"PINHAL DE SÃO BENTO";"AV SÃO ROQUE, 178";"(46) 3560-1122";
PINHÃO;"AV TRIFON HANYSZ, 220, CENTRO";"(42) 3677-2699";gabinete@pinhao.pr.gov.br
PINHÃO;"AV TRIFON HANYSZ, 220, CENTRO";"(42) 3677-1122";
"PIRAÍ DO SUL";"PÇ ALÍPIO DOMINGUES, 34";"(42) 3237-8500";gabinete@piraidosul.pr.gov.br
"PIRAÍ DO SUL";"PÇ ALÍPIO DOMINGUES, 34";"(42) 3237-8500";
PIRAQUARA;"AV GETÚLIO VARGAS, 1990";"(41) 3673-8500";
PITANGA;"CENTRO ADMINISTRATIVO 28 DE JANEIRO, 171";"(42) 3646-1122";gabinete@pitanga.pr.gov.br
PITANGA;"CENTRO ADMINISTRATIVO 28 DE JANEIRO, 171";"(42) 3646-1122";
PITANGUEIRAS;"AV CENTRAL, 408";"(43) 3257-1143";gabinete@pitangueiras.pr.gov.br
PITANGUEIRAS;"AV CENTRAL, 408";"(43) 3257-1143";
"PLANALTINA DO PARANÁ";"PÇ GIÁCOMO MADALOZZO, 234";"(44) 3435-1221";andreiaschuroff@gmail.com
"PLANALTINA DO PARANÁ";"PÇ GIÁCOMO MADALOZZO, 234";"(44) 3435-1221";
PLANALTO;"PÇ SÃO FRANCISCO DE ASSIS, 1583";"(46) 3555-8100";inacio_werle@hotmail.com
"PLANALTO ";"PÇ SÃO FRANCISCO DE ASSIS, 1583";"(46) 3555-8100";
"PONTA GROSSA";"AVENIDA VISCONDE DE TAUNAY, 950, CENTRO";"(42) 3220-1000";gabinete@pontagrossa.pr.gov.br
"PONTA GROSSA";"AVENIDA VISCONDE DE TAUNAY, 950, CENTRO";"(42) 3220-1000";
"PONTAL DO PARANÁ";"ROD. PR 407 - KM 19, 215";"(41) 3455-9600";gabinete@pontaldoparana.pr.gov.br
"PONTAL DO PARANÁ";"ROD. PR 407 - KM 19, 215";"(41) 3972-7000";
PORECATU;"R BARÃO DO RIO BRANCO, 344";"(43) 3623-1119";fabioluizandrade@uol.com.br
PORECATU;"R BARÃO DO RIO BRANCO, 344";"(43) 3623-3100";
"PORTO AMAZONAS";"R GUILHERME SCHIFFER, 67, CENTRO";"(42) 3256-1122";prefeitopolato@gmail.com
"PORTO BARREIRO";"R DAS CARMÉLIAS, 900";"(42) 3661-1010";prefeita@portobarreiro.pr.gov.br
"PORTO BARREIRO";"R DAS CARMÉLIAS, 900";"(42) 3661-1010";
"PORTO RICO";"AV JOÃO CARRARO, 557";"(44) 3427-1223";portorico@pref.pr.gov.br
"PORTO RICO";"AV JOÃO CARRARO, 557";"(44) 3427-1223";
"PORTO VITÓRIA";"R OSVALDO GOMES DA SILVA, 717";"(42) 3573-1212";kurtnielsenjunior@gmail.com
"PORTO VITÓRIA";"R OSVALDO GOMES DA SILVA, 717";"(42) 3573-1212";
"PRADO FERREIRA";"R SÃO PAULO, 191, CENTRO";"(43) 3244-1143";prefeitura@pradoferreira.pr.gov.br
"PRADO FERREIRA";"R SÃO PAULO, 191, CENTRO";"(43) 3244-1143";
"PRANCHITA ";"AV SIMÃO FAQUINELLO, 364";"(46) 3540-1122";lange2222@gmail.com
PRANCHITA;"AV SIMÃO FAQUINELLO, 364";"(46) 3540-1122";
"PRESIDENTE CASTELO BRANCO";"R JOSÉ PERES GONÇALVES, 23";"(44) 3250-1144";pmpcbranco65@yahoo.com.br
"PRESIDENTE CASTELO BRANCO";"JOSÉ PERES GONÇALVES, 23";"(44) 3250-1329";
"PRIMEIRO DE MAIO";"R ONZE, 674";"(43) 3235-1122";gabinete@primeirodemaio.pr.gov.br
"PRIMEIRO DE MAIO";"R ONZE, 674";"(43) 3235-1122";
PRUDENTÓPOLIS;"R RUI BARBOSA, 801, CENTRO";"(42) 3446-8000";administracao@prudentopolis.pr.gov.br
PRUDENTÓPOLIS;"R RUI BARBOSA, 801";"(42) 3446-8000";
"QUARTO CENTENÁRIO ";"AV RAPOSO TAVARES, 594";"(44) 3546-1109";pm@quartocentenario.pr.gov.br
"QUARTO CENTENÁRIO";"AV. DR. HEMERSON SIQUEIRA E SILVA, 594, CENTRO";;
QUATIGUÁ;"AV JOÃO PESSOA, 1300";"(43) 3564-1381";
"QUATRO BARRAS";"AV DOM PEDRO II, 110, CENTRO";"(41) 3671-8800";gabinete@quatrobarras.pr.gov.br
"QUATRO BARRAS";"AV DOM PEDRO II, 110, CENTRO";"(41) 3671-8843";
"QUATRO PONTES";"R GASPAR MARTINS, 560";"(45) 3279-8100";gabinete@quatropontes.pr.gov.br
"QUATRO PONTES";"R GASPAR MARTINS, 560";"(45) 3279-1155";
"QUEDAS DO IGUAÇU";"R JUAZEIRO, 1065, CENTRO";"(46) 3532-8202";marlene_revers@hotmail.com
"QUERÊNCIA DO NORTE";"R WALDEMAR DOS SANTOS, 1197";"(44) 3462-1222";prefeituraquerenciadonorte@hotmail.com
"QUERÊNCIA DO NORTE";"R WALDEMAR DOS SANTOS, 1197";"(44) 3462-1222";
"QUINTA DO SOL";"PÇ SOLANGE MARQUES, 259, CENTRO";"(44) 3567-1313";prefeitoqds@p-qds.pr.gov.br
"QUINTA DO SOL";"PÇ SOLANGE MARQUES, 259, CENTRO";"(44) 3567-1313";
QUITANDINHA;"R JOSÉ DE SÁ RIBAS, 238";"(41) 3623-1231";prefeitura@quitandinha.pr.gov.br
QUITANDINHA;"R JOSÉ DE SÁ RIBAS, 238";"(41) 3623-1231";
RAMILÂNDIA;"AV VOLUNTÁRIOS DA PÁTRIA, 1600";"(45) 3258-8000";ramilandia@yahoo.com.br
"RAMILÂNDIA ";"AV VOLUNTÁRIOS DA PÁTRIA, 1600";"(45) 3258-8000";
"RANCHO ALEGRE";"AV BRASIL, 256";"(43) 3540-1311";ranchoalegre.pref@hotmail.com
"RANCHO ALEGRE";"AV BRASIL, 256";"(43) 3540-1311";
"RANCHO ALEGRE DO OESTE";"AV PARANÁ, 530, CENTRO";"(44) 3556-1186";prefeiturarancho@msn.com
"RANCHO ALEGRE DO OESTE";"AV PARANÁ, 530, CENTRO";"(44) 3556-1186";
REALEZA;"R BARÃO DO RIO BRANCO, 3507";"(46) 3543-1122";administracao@realeza.pr.gov.br
REALEZA;"R BARÃO DO RIO BRANCO, 3507";"(46) 3543-1122";
REBOUÇAS;"R JOSÉ AFONSO VIEIRA LOPES, 96";"(42) 3457-1234";prefeito.zak@gmail.com
"REBOUÇAS ";"R JOSÉ AFONSO VIEIRA LOPES, 96";"(42) 3457-1299";
RENASCENÇA;"R GETÚLIO VARGAS, 901, CENTRO";"(46) 3550-8300";bortoli13@hotmail.com
RENASCENÇA;"R GETÚLIO VARGAS, 901, CENTRO";"(46) 3550-8300";
RESERVA;"R CEL. ROGÉRIO BORBA, 741, CENTRO";"(42) 3276-8300";hornungjorge@ig.com.br
RESERVA;"R CEL. ROGÉRIO BORBA, 741, CENTRO";"(42) 3276-1222";
"RESERVA DO IGUAÇU";"AV 04 DE SETEMBRO, 614, CENTRO";"(42) 3651-8004";sebastiaocampos14@yahoo.com.br
"RESERVA DO IGUAÇU";"AV 04 DE SETEMBRO, 614, CENTRO";"(42) 3651-8000";
"RIBEIRÃO CLARO";"R CEL. EMÍLIO GOMES, 731, CENTRO";"(43) 3536-1300";gabinete@ribeiraoclaro.pr.gov.br
"RIBEIRÃO DO PINHAL";"R PARANÁ, 983";"(43) 3551-8300";pmpinhal@hotmail.com
"RIBEIRÃO DO PINHAL";"R PARANÁ, 983";"(43) 3551-1122";
"RIO AZUL";"R GUILHERME PEREIRA, 482";"(42) 3463-1122";prefeito100@rioazul.pr.gov.br
"RIO AZUL";"R GUILHERME PEREIRA, 482";"(42) 3463-1122";
"RIO BOM";"AV CURITIBA, 65";"(43) 3468-1123";gabineteprefeito@riobom.pr.gov.br
"RIO BOM";"AV CURITIBA, 65";"(43) 3468-1123";
"RIO BONITO DO IGUAÇU";"R SETE DE SETEMBRO, 720, CENTRO";"(42) 3653-1122";prefeito@riobonito.pr.gov.br
"RIO BRANCO DO IVAÍ";"AV RIO BRANCO, 500";"(43) 3467-1000";geroncio-jose@hotmail.com
"RIO BRANCO DO IVAÍ";"AV RIO BRANCO, 500";"(43) 3467-1000";
"RIO BRANCO DO SUL";"R HORACY SANTOS, 222";"(41) 3973-8030";gibran.adv@hotmail.com
"RIO BRANCO DO SUL";"R HORACY SANTOS, 222";"(41) 3973-8030";
"RIO NEGRO";"R JUVENAL FERREIRA PINTO, 2070, SEMINÁRIO";"(47) 3642-3280";prefeitopmrn@gmail.com
"RIO NEGRO";"R JUVENAL FERREIRA PINTO, 2070, SEMINÁRIO";"(47) 3642-7819";
ROLÂNDIA;"R PRES. BERNARDES, 809";"(43) 3255-8600";francisconiluiz@hotmail.com
RONCADOR;"PÇ MOISÉS LUPION, 89, CENTRO";"(44) 3575-1222";prefroncador@uol.com.br
RONCADOR;"PÇ MOISÉS LUPION, 89, CENTRO";"(44) 3575-1222";
RONDON;"AV BRASIL, 1500";"(44) 3672-1122";aavalloto@gmail.com
RONDON;"AV BRASIL, 1500";"(44) 3672-1164";
"ROSÁRIO DO IVAÍ";"AV SÃO PAULO, 45";"(43) 3465-1282";kuroda_adv@hotmail.com
"ROSÁRIO DO IVAÍ";"AV SÃO PAULO, 45";"(43) 3465-1282";
SABÁUDIA;"PÇ DA BANDEIRA, 47, CENTRO";"(43) 3151-1122";sabaudiagabinete@hotmail.com
"SALGADO FILHO";"R FLORIANO FRANCISCO ANATER, 50";"(46) 3564-1202";heltonpfeifer@yahoo.com.br
"SALGADO FILHO";"R FLORIANO FRANCISCO ANATER, 50";"(46) 3564-1202";
"SALTO DO ITARARÉ";"R EDUARDO BERTONI JUNIOR, 471";"(43) 3579-1607";fragosopaulo06@gmail.com
"SALTO DO ITARARÉ";"R EDUARDO BERTONI JUNIOR, 471";"(43) 3579-1607";
"SALTO DO LONTRA";"R RIO GRANDE DO SUL, 975, CENTRO";"(46) 3538-1177";mauriciobau.23@hotmail.com
"SALTO DO LONTRA";"R RIO GRANDE DO SUL, 975, CENTRO";"(46) 3538-1177";
"SANTA AMÉLIA";"R DR. ALCIDES PRUDENTE PAVAN, 130";"(43) 3544-1234";jcarneloss58@gmail.com
"SANTA AMÉLIA";"R DR. ALCIDES PRUDENTE PAVAN, 130";"(43) 3544-1234";
"SANTA CECÍLIA DO PAVÃO ";"R JERÔNIMO FARIAS MARTINS, 1335";"(43) 3270-1123";edimarsantos14@gmail.com
"SANTA CECÍLIA DO PAVÃO";"R JERÔNIMO FARIAS MARTINS, 1335";"(43) 3270-1123";
"SANTA CRUZ DO MONTE CASTELO";"AV PAULO LIBÂNIO, 700, CENTRO";"(44) 3452-1155";franboni5@hotmail.com
"SANTA CRUZ DO MONTE CASTELO";"AV PAULO LIBÂNIO, 700, CENTRO";"(44) 3452-1155";
"SANTA FÉ";"AV PRESIDENTE KENNEDY, 717";"(44) 3247-1247";fernando.brambilla@hotmail.com
"SANTA FÉ";"AV PRESIDENTE KENNEDY, 717";"(44) 3247-1247";
"SANTA HELENA";"R PARAGUAI, 1401 - CP. 03, CENTRO";"(45) 3268-8200";airtoncopatti@hotmail.com
"SANTA HELENA";"R PARAGUAÍ, 1401 - CP. 03, CENTRO";"(45) 3268-8200";
"SANTA INÊS";"R GOVERNADOR MUNHOZ DA ROCHA, 200";"(44) 3313-1085";
"SANTA ISABEL DO IVAÍ";"AV MANOEL RIBAS, 470, CENTRO";"(44) 3453-8300";valents2009@hotmail.com
"SANTA ISABEL DO IVAÍ";"AV MANOEL RIBAS, 470";"(44) 3453-1177";
"SANTA IZABEL DO OESTE";"R ACÁCIA, 1317, CENTRO";"(46) 3542-1360";prefsio@gmail.com
"SANTA IZABEL DO OESTE";"R ACÁCIA, 1317";"(46) 3542-1360";
"SANTA LÚCIA";"AV DO ROSÁRIO, 228";"(45) 3288-1144";renatotonidandel@hotmail.com
"SANTA LÚCIA";"AV DO ROSÁRIO, 228";"(45) 3288-1144";
"SANTA MARIA DO OESTE";"R JOSÉ DE FRANÇA PEREIRA, 10";"(42) 3644-1137";cordenacaopmdb2016@yahoo.com
"SANTA MARIA DO OESTE ";"R JOSÉ DE FRANÇA PEREIRA, 10";"(42) 3644-1137";
"SANTA MARIANA";"R ANTONIO MANOEL DOS SANTOS, 151";"(43) 3531-1144";chefe_gabinete@santamariana.pr.gov.br
"SANTA MARIANA";"R ANTONIO MANOEL DOS SANTOS, 151, CENTRO";"(43) 3531-1144";
"SANTA MÔNICA";"R MARIETA MOCELLIN, 588";"(44) 3455-1107";prefeitura@santamonica.pr.gov.br
"SANTA MÔNICA";"R MARIETA MOCELLIN, 588";"(44) 3455-1107";
"SANTANA DO ITARARÉ";"PÇ FREI MATHIAS DE GÊNOVA, 184, CENTRO";"(43) 3526-1458";verarute2006@gmail.com
"SANTANA DO ITARARÉ";"PÇ FREI MATHIAS DE GÊNOVA, 184, CENTRO";"(43) 3526-1458";
"SANTA TEREZA DO OESTE";"AV PARANÁ, 61";"(45) 3231-1122";mercadock@gmail.com
"SANTA TEREZINHA DE ITAIPU";"R JOÃO XXIII, 144, CENTRO";"(45) 3541-1184";gabinete@stitaipu.pr.gov.br
"SANTA TEREZINHA DE ITAIPU";"R JOÃO XXIII, 144, CENTRO";"(45) 3541-1184";
"SANTO ANTÔNIO DA PLATINA";"PÇ NOSSA SENHORA APARECIDA, S/N";"(43) 3534-8700";coelho_neto@hotmail.com
"SANTO ANTÔNIO DA PLATINA";"PÇ NOSSA SENHORA APARECIDA, SN";"(43) 3534-8700";
"SANTO ANTÔNIO DO CAIUÁ";"AV SÃO JOÃO, 415";"(44) 3443-1221";osmarstachovski@hotmail.com
"SANTO ANTÔNIO DO CAIUÁ";"AV SÃO JOÃO, 415";"(44) 3443-1221";
"SANTO ANTÔNIO DO PARAÍSO";"AV DEP. NILSON RIBAS, 886";"(43) 3224-1151";fazendavergueiro@gmail.com
"SANTO ANTÔNIO DO PARAÍSO";"AV DEPUTADO NILSON RIBAS, 886";"(43) 3224-1151";
"SANTO ANTÔNIO DO SUDOESTE ";"AV BRASIL, 621, CENTRO";"(46) 3563-8000";zelirio@peronferrari.com.br
"SANTO ANTÔNIO DO SUDOESTE";"AV BRASIL, 621, CENTRO";"(46) 3563-8000";
"SANTO INÁCIO";"R MARCELINO ALVES DE ALCÂNTARA, 133";"(44) 3352-1222";masterguimaraes@uol.com.br
"SANTO INÁCIO";"R MARCELINO ALVES DE ALCÂNTARA, 133";"(44) 3352-1222";
"SÃO CARLOS DO IVAÍ";"AV IVAÍ, 890, CENTRO";"(44) 3438-1221";cmartins1978@hotmail.com
"SÃO CARLOS DO IVAÍ";"AV IVAÍ, 890, CENTRO";"(44) 3438-1221";
"SÃO JERÔNIMO DA SERRA";"PÇ CEL. DEOLINDO, 191";"(43) 3267-1074";tributacaosjs@yahoo.com
"SÃO JERÔNIMO DA SERRA";"PÇ CEL. DEOLINDO, 191";"(43) 3267-1074";
"SÃO JOÃO";"AV XV DE NOVEMBRO, 160";"(46) 3533-8300";
"SÃO JOÃO DO CAIUÁ";"R DOM PEDRO II, 800";"(44) 3445-1241";psjcaiua@uol.com.br
"SÃO JOÃO DO CAIUÁ";"R DOM PEDRO II, 800";"(44) 3445-1241";
"SÃO JOÃO DO IVAÍ";"AV CURITIBA, 563";"(43) 3477-1122";prefeitura@saojoaodoivai.pr.gov.br
"SÃO JOÃO DO IVAÍ";"AV CURITIBA, 563";"(43) 3477-1122";
"SÃO JOÃO DO TRIUNFO";"R TEN.CEL. CARLOS SOUZA, 312";"(42) 3447-1222";abimaeldovalle@yahoo.com.br
"SÃO JOÃO DO TRIUNFO";"R TEN.CEL. CARLOS SOUZA, 312";"(42) 3447-1222";
"SÃO JORGE D'OESTE";"AV IGUAÇU, 281";"(46) 3534-8050";administracao@pmsjorge.pr.gov.br
"SÃO JORGE D'OESTE ";"AV IGUAÇU, 281";"(46) 3534-5080";
"SÃO JORGE DO IVAÍ";"PÇ SANTA CRUZ, 249, CENTRO";"(44) 3243-1157";prefeitura@pmsjivai.pr.gov.br
"SÃO JORGE DO IVAÍ";"PÇ SANTA CRUZ, 249, CENTRO";"(44) 3243-1197";
"SÃO JORGE DO PATROCÍNIO";"AV CARLOS SPANHOL, 164";"(44) 3634-8001";jcarlosbaraldi@gmail.com
"SÃO JORGE DO PATROCÍNIO";"AV CARLOS SPANHOL, 164";"(44) 3634-8001";
"SÃO JOSÉ DA BOA VISTA";"R LEOPOLDO JOSÉ BARBOSA, 139";"(43) 3565-1252";sprec@hotmail.com
"SÃO JOSÉ DA BOA VISTA";"R LEOPOLDO JOSÉ BARBOSA, 139";"(43) 3565-1252";
"SÃO JOSÉ DAS PALMEIRAS";"R MAL. CASTELO BRANCO, 979";"(45) 3259-1150";pmsjpalmeiras@gmail.com
"SÃO JOSÉ DOS PINHAIS";"R PASSOS  DE OLIVEIRA, 1101";"(41) 3381-6801";ligia.zapp@sjp.pr.gov.br
"SÃO JOSÉ DOS PINHAIS";"RUA PASSOS DE OLIVEIRA, 1101, CENTRO";"(41) 3381-6801";
"SÃO MANOEL DO PARANÁ";"PÇ PARANÁ, 50, CENTRO";"(44) 3644-1114";agnaldo@embrioseni.com.br
"SÃO MANOEL DO PARANÁ";"PÇ PARANÁ, 50, CENTRO";"(44) 3644-1100";
"SÃO MATEUS DO SUL";"R BARÃO DO RIO BRANCO, 431";"(42) 3912-7008";luizadyr@brturbo.com.br
"SÃO MATEUS DO SUL";"R BARÃO DO RIO BRANCO, 431";"(42) 3912-7008";
"SÃO MIGUEL DO IGUAÇU";"R VÂNIO GHELLERE, 64";"(45) 3565-8100";gabinete@saomiguel.pr.gov.br
"SÃO MIGUEL DO IGUAÇU";"R VÂNIO GHELLERE, 64";"(45) 3565-8100";
"SÃO PEDRO DO IGUAÇU ";"R NITERÓI, 121";"(45) 3255-1105";jacir.danelli@gmail.com
"SÃO PEDRO DO IGUAÇU";"R NITERÓI, 121";"(45) 3255-1105";
"SÃO PEDRO DO IVAÍ";"PÇ PE. JOSÉ ROSSI, 354";"(43) 3451-1399";administracao@saopedrodoivai.pr.gov.br
"SÃO PEDRO DO IVAÍ";"PÇ PE. JOSÉ ROSSI, 354";"(43) 3451-1399";
"SÃO PEDRO DO PARANÁ";"AV PARANÁ, 307";"(44) 3464-1163";neilafernandes@hotmail.com
"SÃO PEDRO DO PARANÁ";"AV PARANÁ, 307";"(44) 3464-1163";
"SÃO SEBASTIÃO DA AMOREIRA";"R PAPA JOÃO XXII, 672, CENTRO";"(43) 3265-8300";pmssa@amoreira.pr.gov.br
"SÃO SEBASTIÃO DA AMOREIRA";"R PAPA JOÃO XXII, 672, CENTRO";"(43) 3265-8300";
"SÃO TOMÉ ";"PÇ PROF. PEDRO FECCHIO, 248";"(44) 3607-1280";prefeiturasaotome@gmail.com
"SÃO TOMÉ";"PÇ PROF. PEDRO FECCHIO, 248";"(44) 3607-1280";
SAPOPEMA;"AV MANOEL RIBAS, 818, CENTRO";"(43) 3548-1383";prefeituradesapopema@yahoo.com.br
SAPOPEMA;"AV MANOEL RIBAS, 818, CENTRO";"(43) 3548-1383";
SARANDI;"RUA JOSÉ EMILIANO DE GUSMÃO, 565, CENTRO";"(44) 3256-1075";gabinetesarandi@hotmail.com
SARANDI;"RUA JOSÉ EMILIANO DE GUSMÃO, 565, CENTRO";"(44) 3264-8600";
"SAUDADE DO IGUAÇU";"R FREI VITO BERSCHEID, 708";"(46) 3246-1166";prefeitura@saudadedoiguacu.pr.gov.br
SENGÉS;"TV SENADOR SOUZA NAVES, 95";"(43) 3567-1222";nelson23@senges.pr.gov.br
SENGÉS;"TV SENADOR SOUZA NAVES, 95";"(43) 3567-1222";
"SERRANÓPOLIS DO IGUAÇU";"AV SANTOS DUMONT, 2021";"(45) 3236-1122";gabinete@serranopolis.pr.gov.br
"SERRANÓPOLIS DO IGUAÇU";"AV SANTOS DUMONT, 2021";"(45) 3236-1122";
SERTANEJA;"AV NOSSA SENHORA DO ROCIO, 233, CENTRO";"(43) 3562-1172";sertanejapref@onda.com.br
SERTANEJA;"AV NOSSA SENHORA DO ROCIO, 233, CENTRO";"(43) 3562-1172";
SERTANÓPOLIS;"AV DR. VACYR GONÇALVES PEREIRA, 342";"(43) 3232-8100";tideprefeito@sertanopolis.pr.gov.br
"SIQUEIRA CAMPOS";"R MARECHAL DEODORO, 1837";"(43) 3571-1122";gabinete@siqueiracampos.pr.gov.br
"SIQUEIRA CAMPOS";"R MARECHAL DEODORO, 1837";"(43) 3571-1122";
SULINA;"R TUPINAMBÁ, 68";"(46) 3244-8000";prefeito@sulina.pr.gov.br
SULINA;"R TUPINAMBÁ, 68";"(46) 3244-8000";
TAMARANA;"R IZALTINO JOSÉ SILVESTRE, 643";"(43) 3398-1995";gabinete@tamarana.pr.gov.br
TAMARANA;"R IZALTINO JOSÉ SILVESTRE, 643";"(43) 3398-1944";
TAMBOARA;"PÇ ISABEL MARCOS BELTRAME, 2000 - CX. POSTAL 91";"(44) 3460-1170";assessoria@tamboara.pr.gov.br
TAPEJARA;"AV TANCREDO NEVES, 442, CENTRO";"(44) 3677-1223";gabinete@tapejara.pr.gov.br
TAPEJARA;"AV TANCREDO NEVES, 442";"(44) 3677-1223";
TAPIRA;"R PARANAGUÁ, 518";"(44) 3679-1133";evandroccp@uol.com.br
TAPIRA;"R PARANAGUÁ, 518";"(44) 3679-1133";
"TEIXEIRA SOARES";"PÇ XV DE NOVEMBRO, 135, CENTRO";"(42) 3460-1155";prefeito@teixeirasoares.pr.gov.br
"TEIXEIRA SOARES";"PÇ XV DE NOVEMBRO, 135, CENTRO";"(42) 3460-1155";
"TELÊMACO BORBA";"PÇ DR. HORÁCIO KLABIN, 37, CENTRO";"(42) 3271-1000";gabinete@telemacoborba.pr.gov.br
"TERRA BOA";"R PRES. TANCREDO DE ALMEIDA NEVES, 240";"(44) 3641-1122";valterperesterraboa@gmail.com
"TERRA BOA";"R PRES. TANCREDO DE ALMEIDA NEVES, 240";"(44) 3641-1122";
"TERRA RICA";"AV EUCLIDES DA CUNHA, 1120";"(44) 3441-8500";prefeitura@terrarica.pr.gov.br
"TERRA RICA";"AV EUCLIDES DA CUNHA, 1120";"(44) 3441-8500";
"TERRA ROXA";"AV PRES. COSTA E SILVA, 95";"(44) 3645-1122";gabinete@terraroxa.pr.gov.br
"TERRA ROXA";"AV PRES. COSTA E SILVA, 95";"(44) 3645-1122";
TIBAGI;"PRAÇA EDMUNDO MERCER, 10";"(42) 3916-2200";rildoeleonardi@hotmail.com
"TIBAGI ";"PRAÇA EDMUNDO MERCER, 10";"(42) 3916-2200";
"TIJUCAS DO SUL";"R XV DE NOVEMBRO, 1438";"(41) 3629-1426";gabinete@tijucasdosul.pr.gov.br
"TIJUCAS DO SUL";"R XV DE NOVEMBRO, 1458 - CX.POSTAL 31";"(41) 3629-1186";
TOLEDO;"R RAIMUNDO LEONARDI, 1586";"(45) 3055-8800";gabinete@toledo.pr.gov.br
TOLEDO;"R RAIMUNDO LEONARDI, 1586";"(45) 3055-8800";
TOMAZINA;"ROD AVELINO ANTONIO VIEIRA, 117";"(43) 3563-1133";pmtomazina@uol.com.br
TOMAZINA;"ROD AVELINO VIEIRA, 117";"(43) 3563-1133";
"TRÊS BARRAS DO PARANÁ";"AV BRASIL, 245";"(45) 3235-1212";
"TUNAS DO PARANÁ";"R EROS RUPPEL ABDALLA, 189";"(41) 3659-1462";gabinete@p-tunas.pr.gov.br
"TUNAS DO PARANÁ";"R EROS RUPPEL ABDALLA, 189";"(41) 3659-1463";
"TUNEIRAS DO OESTE";"R SANTA CATARINA, 409";"(44) 3653-1301";dplanejamento@tuneirasdooeste.pr.gov.br
"TUNEIRAS DO OESTE";"R SANTA CATARINA, 409";"(44) 3653-1301";
TUPÃSSI;"PÇ SANTOS DUMONT, S/N";"(44) 3544-8000";gabinete@tupassi.pr.gov.br
TUPÃSSI;"PÇ SANTOS DUMONT, S/N";"(44) 3544-8000";
TURVO;"AV 12 DE MAIO, 353";"(42) 3642-1145";
UBIRATÃ;"AV NILZA DE OLIVEIRA PIPINO, 1852";"(44) 3543-8000";chefegabinete@ubirata.pr.gov.br
UBIRATÃ;"AV NILZA DE OLIVEIRA PIPINO, 1852 - C.X. POSTAL 163";"(44) 3543-8000";
UMUARAMA;"AV RIO BRANCO, 3717";"(44) 3621-4141";gabinete@umuarama.pr.gov.br
UMUARAMA;"AV RIO BRANCO, 3717";"(44) 3621-4141";
"UNIÃO DA VITÓRIA";"R CRUZ MACHADO, 205";"(42) 3521-1200";gabinete@uniaodavitoria.pr.gov.br
"UNIÃO DA VITÓRIA";"R CRUZ MACHADO, 205";"(42) 3521-1200";
UNIFLOR;"AV DAS FLORES, SN";"(44) 3270-1150";
URAÍ;"R RIO DE JANEIRO, 496";"(43) 3541-1122";prefeituraurai_gabinete@hotmail.com
URAÍ;"R RIO DE JANEIRO, 496";"(43) 3541-1122";
VENTANIA;"AV ANACLETO BUENO DE CAMARGO, 861, CENTRO";"(42) 3274-1144";pmvene@ibest.com.br
VENTANIA;"AV ANACLETO BUENO DE CAMARGO, 861, CENTRO";"(42) 3274-1144";
"VERA CRUZ DO OESTE";"R RUI BARBOSA, 202, CENTRO";"(45) 3267-8000";gabinete@veracruz.pr.gov.br
"VERA CRUZ DO OESTE";"R RUI BARBOSA, 202, CENTRO";"(45) 3267-8000";
VERÊ;"R PIONEIRO ANTONIO FABIANE, 316";"(46) 3535-8000";
VIRMOND;"R XV DE NOVEMBRO, 608, CENTRO";"(42) 3618-1122";neimargranoski@hotmail.com
VIRMOND;"R XV DE NOVEMBRO, 608 - CX. POSTAL 01";"(42) 3618-1122";
VITORINO;"R BARÃO DE CAPANEMA, 134, CENTRO";"(46) 3227-1222";contabilidade@vitorino.pr.gov.br
VITORINO;"R BARÃO DE CAPANEMA, 134, CENTRO";"(46) 3227-1222";
"WENCESLAU BRAZ";"R EXPEDICIONÁRIOS, 200, CENTRO";"(43) 3528-1010";pauloleonar12@gmail.com
"WENCESLAU BRAZ";"R EXPEDICIONÁRIOS, 200, CENTRO";"(43) 3528-1010";
XAMBRÊ;"AV ALBERTO BYINGTON, 505, CENTRO";"(44) 3632-1557";gabinete@xambre.pr.gov.br
